action,id
updated,FJ5089
updated,BC0770
updated,GC7946
updated,FV4744
updated,GM0239
updated,FX7449
updated,GM5505
updated,GP4975
updated,FS3923
updated,GP4967
updated,GL1127
updated,B93219
updated,EH8629
updated,CJ5831
updated,GM7499
updated,H07758
updated,H07757
updated,FV3143
updated,H07756
updated,GN9137
updated,FZ1757
updated,GY5110
updated,GZ8209
updated,FZ2853
updated,GL0567
updated,GK3487
updated,H42010
updated,FW6528
updated,GS4153
updated,H07840
updated,H14698
updated,H39753
updated,GX5152
updated,H04458
updated,H48444
updated,HG6676
updated,HG6677
updated,GU3945
updated,H30296
updated,GK9081
updated,GY5019
updated,GM5537
updated,GS1343
updated,GV7380
updated,GZ8211
updated,H07839
updated,GZ7823
updated,H00652
updated,H29175
updated,GZ9087
updated,HG6687
updated,H20302
updated,GV2043
updated,GS1355
updated,GS3913
updated,H10244
updated,GZ7826
updated,EX6581
updated,H07368
updated,GU0680
updated,GY3494
updated,GZ7730
updated,H00647
updated,H68075
updated,GV7386
updated,H02584
updated,H68719
updated,G58922
updated,H00586
updated,GZ7824
updated,GZ7825
updated,H02939
updated,H00430
updated,FX6515
updated,H00428
updated,H02937
updated,H02936
updated,H02554
updated,GK5265
updated,GZ9173
updated,H04498
updated,S23688
updated,H31065
updated,H02975
updated,H06648
updated,GH7532
updated,GM0307
updated,H06672
updated,H13911
updated,GL0880
updated,H07890
updated,GU6982
updated,GI7670
updated,GK3479
updated,GN3533
updated,GM3494
updated,H10149
updated,H29918
updated,GX2893
updated,GX2894
updated,GS8797
updated,GT0140
updated,GV9740
updated,GV9738
updated,H12197
updated,GZ2915
updated,H39799
updated,GL0649
updated,GQ1095
updated,GL3961
updated,H39784
updated,GN8269
updated,H40972
updated,GU0325
updated,H39751
updated,HA7682
updated,H39778
updated,H33318
updated,H39752
updated,H39796
updated,GR4086
updated,H33317
updated,GZ2916
updated,H39779
updated,GR4097
updated,H39793
updated,GU0324
updated,GR4106
updated,GV9739
updated,GZ2914
updated,H39790
updated,H39749
updated,H06605
updated,GU8969
updated,H39781
updated,H02815
updated,H04641
updated,GZ8185
updated,GZ8184
updated,FX6530
updated,H04756
updated,H04642
updated,H00948
updated,Q46111
updated,H00945
updated,GY5100
updated,H00465
updated,GX3667
updated,H00569
updated,GV7307
updated,GV7757
updated,GX3631
updated,GY5099
updated,H00141
updated,GW7536
updated,FX5923
updated,H04248
updated,GZ7745
updated,GZ7734
updated,HA3053
updated,GY8283
updated,S97358
updated,HE9397
updated,GX8386
updated,HF4154
updated,H00142
updated,GX8387
updated,GZ7733
updated,H45371
updated,H47892
updated,HA5836
updated,H00541
updated,HA3052
updated,GW8086
updated,H45369
updated,H44967
updated,H00538
updated,HA2442
updated,HA3054
updated,H32387
updated,GN4894
updated,GS3917
updated,H00474
updated,H20475
updated,GU0890
updated,H20233
updated,H28797
updated,GZ2668
updated,FY2858
updated,FY0623
updated,H37831
updated,H09044
updated,GR9652
updated,H13478
updated,H26649
updated,Q46321
updated,FY1039
updated,Q46322
updated,S42716
updated,GW4842
updated,GW4843
updated,FX5938
updated,S23979
updated,FZ2929
updated,S23667
updated,FY5680
updated,H00515
updated,H00521
updated,H00519
updated,GY0127
updated,HD9084
updated,FX6655
updated,GZ5355
updated,H00512
updated,H01399
updated,GW4852
updated,FX6658
updated,H02124
updated,H00511
updated,FZ2267
updated,S42717
updated,H02110
updated,GT0135
updated,FZ2268
updated,H02119
updated,H02111
updated,H15775
updated,H20236
updated,GT0186
updated,H25298
updated,GN3064
updated,H33570
updated,H00429
updated,EX6532
updated,GN3430
updated,H17991
updated,GV9695
updated,EX6530
updated,FY8836
updated,H22615
updated,H04549
updated,H39787
updated,EY1191
updated,FZ1700
updated,GZ7040
updated,GZ1013
updated,EY1181
updated,GV9714
updated,GV7149
updated,GZ1008
updated,GR4111
updated,GV9713
updated,GX1024
updated,GZ2792
updated,GZ7039
updated,GU1737
updated,GU0074
updated,FY4553
updated,GU3145
updated,EF0211
updated,GU0870
updated,H04260
updated,H05006
updated,GZ8656
updated,H04259
updated,FY8103
updated,GZ7610
updated,FY8107
updated,FY8875
updated,H01063
updated,GY4944
updated,EF1730
updated,FY8106
updated,H05007
updated,FY4551
updated,G54899
updated,FZ1720
updated,H29905
updated,FY8656
updated,EX6854
updated,EX6896
updated,FX6822
updated,H33588
updated,EW9826
updated,EW9820
updated,GZ5313
updated,H33587
updated,FY2861
updated,S42723
updated,EX4452
updated,EX6752
updated,FX6810
updated,S42548
updated,FZ8483
updated,H00237
updated,EX4454
updated,GD1521
updated,HG6658
updated,EX6751
updated,EY1067
updated,S42546
updated,FY2862
updated,EY1068
updated,H05361
updated,EW9760
updated,S42545
updated,FZ2497
updated,FY8654
updated,EW9824
updated,EX7523
updated,EX6589
updated,EX6575
updated,EX6914
updated,EX6749
updated,GZ7767
updated,HF9214
updated,EX6915
updated,GY5460
updated,EX6911
updated,GV7665
updated,HG6674
updated,H34490
updated,H34491
updated,EY0319
updated,FR1165
updated,H25392
updated,H28785
updated,H34500
updated,EY1066
updated,GT5548
updated,FR1167
updated,GT5557
updated,GT5551
updated,GJ9877
updated,GS3911
updated,H10251
updated,GS3883
updated,GS3885
updated,GS3881
updated,GS1368
updated,GS1352
updated,GS3930
updated,H28790
updated,H10180
updated,FZ2708
updated,GS3921
updated,H06746
updated,GS3922
updated,H09422
updated,H37790
updated,H11363
updated,GS6302
updated,H28784
updated,GT9130
updated,H35596
updated,H22747
updated,H09150
updated,H06656
updated,H20476
updated,H09423
updated,H37793
updated,H37881
updated,H37813
updated,H37812
updated,FX4616
updated,GS6301
updated,H37866
updated,HE7156
updated,H32339
updated,H20422
updated,H13485
updated,H19278
updated,H25275
updated,H14656
updated,GH6829
updated,H20405
updated,H13473
updated,H20421
updated,GH6828
updated,H20301
updated,H34571
updated,H31271
updated,H34570
updated,GU3637
updated,GS7215
updated,GS7212
updated,GU1468
updated,GS7214
updated,H31273
updated,CK1862
updated,CK1867
updated,H33542
updated,H09266
updated,CK1868
updated,H09144
updated,CK1870
updated,GT6880
updated,CK1869
updated,H03941
updated,FX6042
updated,FX6048
updated,G55669
updated,H03924
updated,GX5153
updated,H56733
updated,H35588
updated,GV7377
updated,H05680
updated,GY5801
updated,H05679
updated,CK1866
updated,GY5806
updated,GZ7924
updated,FX5925
updated,FX9734
updated,H36277
updated,GL3856
updated,H02029
updated,FX9741
updated,H06577
updated,FX7030
updated,GY5808
updated,GY2630
updated,FX4694
updated,FX7031
updated,H01232
updated,H02682
updated,FW9310
updated,H34726
updated,H05681
updated,GZ8856
updated,H00136
updated,H04578
updated,GZ8144
updated,FX9742
updated,GX5143
updated,GY5807
updated,FX4183
updated,FX5080
updated,S23674
updated,H00589
updated,FY1119
updated,FY8169
updated,FZ2594
updated,FZ2592
updated,S23672
updated,FX4934
updated,FW6514
updated,FX5079
updated,Q47136
updated,GZ5256
updated,FX1482
updated,G55781
updated,H05335
updated,H05328
updated,H00416
updated,GZ7985
updated,GW8625
updated,FX6865
updated,FZ3208
updated,H02951
updated,GX6117
updated,GY0638
updated,FY3631
updated,GZ7017
updated,FX5812
updated,H01851
updated,H01847
updated,GW8622
updated,H04494
updated,GZ5243
updated,H01846
updated,H01782
updated,GV7760
updated,H68718
updated,G58090
updated,FZ4689
updated,G58089
updated,FY1103
updated,GX6118
updated,FY0375
updated,H05250
updated,H04318
updated,GZ9172
updated,FY1102
updated,G55780
updated,H04319
updated,H04519
updated,GZ9045
updated,GZ9079
updated,GV7671
updated,H04306
updated,FY7717
updated,GV7672
updated,H03071
updated,H04305
updated,FX5570
updated,GY5793
updated,GZ3704
updated,H04331
updated,H02700
updated,FY0377
updated,FY9623
updated,FY5438
updated,H00547
updated,H05645
updated,GX2537
updated,FY0374
updated,H05791
updated,GZ5314
updated,GZ7435
updated,G58105
updated,H00128
updated,H00602
updated,GZ7416
updated,FY9496
updated,H00561
updated,FZ3281
updated,G58098
updated,H00548
updated,H03263
updated,GZ7998
updated,GZ7417
updated,H04105
updated,GV7369
updated,FY8315
updated,H04567
updated,GY7536
updated,H04563
updated,GZ7418
updated,FY5961
updated,H04537
updated,H02028
updated,GY7535
updated,Q46282
updated,H04540
updated,S42589
updated,Q46281
updated,H02027
updated,H02557
updated,H04216
updated,GZ8172
updated,FZ1927
updated,GZ5346
updated,GY2745
updated,G58068
updated,H05263
updated,H05765
updated,H05264
updated,GX0538
updated,GZ8193
updated,GX0544
updated,H04566
updated,H04565
updated,H04226
updated,H02025
updated,FY2637
updated,GY5062
updated,H00651
updated,H04808
updated,FY2638
updated,GZ8194
updated,G58171
updated,H02816
updated,Q46276
updated,Q46278
updated,GZ8191
updated,H00496
updated,GZ8206
updated,G55776
updated,G58844
updated,H04643
updated,H01461
updated,GZ8183
updated,H00460
updated,GY5469
updated,Q46277
updated,H00462
updated,H02366
updated,S42627
updated,EW9589
updated,H00466
updated,GT0133
updated,GZ7408
updated,EX6977
updated,GS3915
updated,EW9771
updated,H22737
updated,GV5302
updated,EW9877
updated,H13274
updated,H07803
updated,H55477
updated,Q47217
updated,GH7271
updated,GK8732
updated,EX3625
updated,GU1858
updated,GP6780
updated,GU1862
updated,FX4190
updated,FW2735
updated,HB4778
updated,GR9653
updated,HC2917
updated,GY4919
updated,GM1410
updated,H20304
updated,H45131
updated,GS4165
updated,H29894
updated,EW9777
updated,HG6686
updated,HG6681
updated,GS3923
updated,HG6660
updated,HG6659
updated,HG6650
updated,HG6661
updated,HG6649
updated,GT0188
updated,GT0184
updated,GT0185
updated,GS8612
updated,HG6680
updated,GT0165
updated,GS8611
updated,GL4060
updated,GL4048
updated,GM2066
updated,GL4002
updated,GM2140
updated,GL4006
updated,GT0163
updated,FT9976
updated,FY5928
updated,FY5929
updated,GS6339
updated,H10198
updated,H07824
updated,FX4197
updated,HA0130
updated,H07819
updated,H22755
updated,H21571
updated,G55557
updated,H31111
updated,H37830
updated,H37754
updated,GR8267
updated,GR8147
updated,GT0167
updated,H37827
updated,GS8609
updated,GS3924
updated,GS4142
updated,H24101
updated,EX6840
updated,HA7646
updated,Q47138
updated,FY6537
updated,GZ7457
updated,S23977
updated,H37775
updated,GZ8141
updated,FY2860
updated,FY2688
updated,GZ7874
updated,GZ0160
updated,H04193
updated,H04267
updated,H02148
updated,H05280
updated,H02368
updated,FX5981
updated,S42626
updated,GZ7456
updated,H04324
updated,GZ8689
updated,FY4884
updated,Q47127
updated,GZ7875
updated,FI5157
updated,S23683
updated,GI7309
updated,HC9929
updated,FX4186
updated,H20306
updated,GT3882
updated,S29055
updated,GU9689
updated,GZ0159
updated,GV2052
updated,S29238
updated,S24022
updated,G58478
updated,H00458
updated,H05315
updated,H00455
updated,H02321
updated,H00457
updated,H03958
updated,H00456
updated,H02723
updated,H00459
updated,H03083
updated,H05653
updated,GX8131
updated,GW7963
updated,H51143
updated,H51144
updated,H59062
updated,EX4439
updated,HB1552
updated,H00517
updated,H00516
updated,H34546
updated,GU0305
updated,GT9781
updated,S23678
updated,H42544
updated,FW6948
updated,H28793
updated,H14684
updated,FW6945
updated,GS4150
updated,GT9515
updated,H20478
updated,H04513
updated,H04510
updated,FW7518
updated,GZ7885
updated,H04509
updated,H04511
updated,GS6340
updated,H28787
updated,GQ1082
updated,GP8632
updated,H04508
updated,GZ7884
updated,H33690
updated,H34614
updated,H34691
updated,GP2389
updated,GL5681
updated,GM4601
updated,H22840
updated,H39842
updated,GM4772
updated,G58804
updated,GR0678
updated,GI7303
updated,GR4080
updated,GT1694
updated,H29178
updated,GT9739
updated,GT1692
updated,GT9780
updated,GZ7927
updated,HB1419
updated,FZ2489
updated,GR4259
updated,H21531
updated,FY4084
updated,H21533
updated,GT7836
updated,HB1418
updated,EX6696
updated,H45374
updated,H56354
updated,GT4792
updated,EX6588
updated,EX4446
updated,EY0208
updated,EX6537
updated,EY3692
updated,EY0004
updated,EX6535
updated,EX6529
updated,EW3431
updated,EX6528
updated,EX6531
updated,GZ5350
updated,EX6853
updated,H25047
updated,H25046
updated,GN7927
updated,H20107
updated,GN7926
updated,EW4470
updated,H25050
updated,GV7370
updated,EX6776
updated,EX4818
updated,GV7374
updated,GQ1346
updated,EX7146
updated,H25045
updated,EY0066
updated,EX7508
updated,EX7025
updated,FW6968
updated,H07813
updated,EX4821
updated,GS3935
updated,H14696
updated,H20456
updated,H48154
updated,H33694
updated,H11395
updated,H32461
updated,HA5695
updated,H14695
updated,H20483
updated,H06683
updated,H28794
updated,GS4155
updated,H20311
updated,H20312
updated,GV5159
updated,H33677
updated,H13914
updated,H32458
updated,GS4147
updated,GU6302
updated,GN4406
updated,GH8146
updated,H32236
updated,H11276
updated,H17923
updated,H35501
updated,H22628
updated,S42718
updated,FX1983
updated,H32424
updated,FX2247
updated,GV9935
updated,FW6935
updated,S42721
updated,GW4844
updated,FX2858
updated,H00667
updated,GZ7705
updated,GZ7706
updated,FY6503
